渠道,总用户数,用户占比,激活率,付费用户数,付费转化率,总GMV,LTV_total,ARPPU,LTV_7,LTV_30,复购率,平均次日留存率
AppStore,3957,0.1979,0.49608,216,0.0546,19171.34,4.8449,88.7562,0.6374,2.4558,0.1667,0.453948387
Organic_Search,3974,0.1987,0.5005,266,0.0669,20525.63,5.165,77.164,0.9715,2.6905,0.1767,0.453193548
TikTok_Ads,5995,0.2998,0.49775,154,0.0257,10805.38,1.8024,70.1648,0.0745,0.6754,0.2013,0.454548387
Baidu_SEM,4043,0.2022,0.40514,81,0.02,7532.42,1.8631,92.9928,0.1064,1.0654,0.2222,0.380906452
Friend_Referral,2031,0.1016,0.79321,501,0.2467,37710.61,18.5675,75.2707,1.9159,8.9399,0.2275,0.698319355
